J,AvgEpLen,VarJ,Iteration,NatGradInftyNorm,ReturnMean,MinEpLen,StepSize,NatGrad2Norm,AvgRet,TimestepsSoFar,NumTrajectories,ReturnMax,BatchSize
-93.43026936126682,41.92,0.8280427300324236,1,2.6918066,-93.43026936126682,11,0.1,3.2090635,-127.66746032986275,4192,100,-10.061135392292874,100
-96.58867636159465,47.05,0.07935499914402938,2,1.9229206,-95.00947286143074,12,0.1,2.853944,-138.63604508457817,4705,200,-10.061135392292874,100
-97.71833485742626,52.4,0.020766089961435457,3,2.5872605,-95.9124268600959,14,0.1,2.8285637,-145.90783921158175,5240,300,-10.061135392292874,100
-97.58798539456382,28.68,0.018012921709431823,4,2.0378404,-96.33131649371288,12,0.1,3.2018366,-124.98208386550206,2868,400,-10.061135392292874,100
