ActionIn1,InvPendulum_mu3_higher,VarJ,BatchSize,NatGrad2Norm,MinEpLen,AvgRet,J,InvPendulum_mu1_higher,ReturnMean,InvPendulum_std3_higher,AvgEpLen,NumTrajectories,InvPendulum_std0_higher,NatGradInftyNorm,InvPendulum_std2_higher,InvPendulum_std1_higher,ReturnMax,Iteration,StepSize,TimestepsSoFar,InvPendulum_mu0_higher,InvPendulum_mu2_higher
1.7787482,-0.06532505,1.0217815169825926,100,3.8764853,11,-114.47419054839072,-114.47419054839072,-0.4217885,-114.47419054839072,0.14999999,21.59,100,0.14999999,3.5983,0.14999999,0.14999999,-103.58715795603078,1,0.1,2159,0.8060292,0.41005367
0.79126805,0.29450494,2.6128249141603117,100,4.5025325,11,-127.44103414386973,-127.44103414386973,-0.4695691,-120.95761234613023,0.14999999,26.875,200,0.14999999,3.2433476,0.14999999,0.14999999,-103.58715795603078,2,0.1,5375,0.7822435,0.27609468
